{"stats":{"minecraft:dropped":{"minecraft:oak_leaves":1,"minecraft:oak_boat":1},"minecraft:used":{"minecraft:stone_bricks":17,"minecraft:gray_terracotta":5,"minecraft:spruce_leaves":1,"minecraft:cobblestone":3,"minecraft:command_block":124,"minecraft:red_wool":55,"minecraft:jungle_planks":20,"minecraft:white_stained_glass":11,"minecraft:barrier":1,"minecraft:cobblestone_wall":23,"minecraft:oak_sign":114,"minecraft:stone_button":81,"minecraft:quartz_block":28,"minecraft:chest":1,"minecraft:oak_boat":1,"minecraft:ender_chest":1,"minecraft:red_terracotta":7},"minecraft:picked_up":{"minecraft:stick":2,"minecraft:oak_sign":3,"minecraft:spruce_sapling":1,"minecraft:oak_sapling":1},"minecraft:custom":{"minecraft:time_since_rest":151836,"minecraft:open_chest":1,"minecraft:crouch_one_cm":6226,"minecraft:play_one_minute":151836,"minecraft:interact_with_furnace":1,"minecraft:sprint_one_cm":162208,"minecraft:open_enderchest":1,"minecraft:walk_one_cm":68154,"minecraft:sneak_time":10602,"minecraft:walk_under_water_one_cm":11413,"minecraft:drop":2,"minecraft:boat_one_cm":28541,"minecraft:jump":1334,"minecraft:leave_game":6,"minecraft:walk_on_water_one_cm":9542,"minecraft:time_since_death":151836,"minecraft:swim_one_cm":1715,"minecraft:fly_one_cm":2261553}},"DataVersion":2580}